,Id,Churn
0,0,0.044148025132818486
1,1,0.7088880941838681
2,2,0.7088695681675353
3,3,0.0080162680851709
4,4,0.0016718568558799652
5,5,0.13555189351224767
6,6,0.5546412370564711
7,7,0.2932160044757102
8,8,0.09065830749245991
9,9,0.39946996424504594
10,10,0.25101727910996785
11,11,0.1775487945652552
12,12,0.39089818328895876
13,13,0.11534048143398615
14,14,0.04230339287899824
15,15,0.010036365415461056
16,16,0.20812285329094804
17,17,0.37685611059165136
18,18,0.06708618654058124
19,19,0.01196953601412619
20,20,0.18153403129506757
21,21,0.014413337524059454
22,22,0.7627853696452347
23,23,0.5068434656558025
24,24,0.11261556576812276
25,25,0.2760311748242689
26,26,0.1491576008489114
27,27,0.02276311797518261
28,28,0.02083510733344031
29,29,0.0016069146250618355
30,30,0.510624881666384
31,31,0.4917090314805026
32,32,0.7564134824872012
33,33,0.6552310871052713
34,34,0.08217745516661373
35,35,0.01804781475801233
36,36,0.44422019888423686
37,37,0.07410646473182342
38,38,0.10761013998980953
39,39,0.04904190164009636
40,40,0.37622349527870985
41,41,0.5765180210918525
42,42,0.4095718000444855
43,43,0.21998957866726646
44,44,0.37749270881316893
45,45,0.343635910249837
46,46,0.15225873520085675
47,47,0.12949669419315188
48,48,0.17551083341333307
49,49,0.1535090083970481
50,50,0.367205894071206
51,51,0.771096615573707
52,52,0.32904119335215565
53,53,0.09690724264408618
54,54,0.4085588340618066
55,55,0.007286653690932037
56,56,0.016442576373385562
57,57,0.5938151269246499
58,58,0.6520433032570274
59,59,0.24086747248686843
60,60,0.03994197241299908
61,61,0.5860129783248784
62,62,0.15385643875488914
63,63,0.08382196564337713
64,64,0.7655851654748654
65,65,0.014245420943898543
66,66,0.28816195510973464
67,67,0.47344988114166003
68,68,0.01354405205636838
69,69,0.5168842402507808
70,70,0.5351595165687943
71,71,0.5690571548882976
72,72,0.07646698297096698
73,73,0.5806591894247154
74,74,0.7625247720309363
75,75,0.027679209693371197
76,76,0.15086962920863667
77,77,0.09115073650152884
78,78,0.12963483770592216
79,79,0.0065969367733543
80,80,0.4208366711004265
81,81,0.7280477437656886
82,82,0.796830171301313
83,83,0.19483852957054928
84,84,0.17750586113475011
85,85,0.03491231563418326
86,86,0.07308609090818256
87,87,0.46565026600863857
88,88,0.3604583544525671
89,89,0.17750586113475011
90,90,0.12929733526140857
91,91,0.21914079725300528
92,92,0.7247910719538264
93,93,0.804679089306175
94,94,0.0016979077834941238
95,95,0.033381670376064425
96,96,0.22116859103481565
97,97,0.5310055884554161
98,98,0.28596083764487074
99,99,0.597442447599553
100,100,0.02521067900580426
101,101,0.7444789085894492
102,102,0.0018832030342646037
103,103,0.646354986941572
104,104,0.0023730716737619404
105,105,0.6417992070757833
106,106,0.1996188112830738
107,107,0.1044685465243212
108,108,0.008304370978901793
109,109,0.24678081151342726
110,110,0.09343806225242651
111,111,0.11109622780862818
112,112,0.35790679500731964
113,113,0.362970172190404
114,114,0.003434596039787521
115,115,0.8023470836007528
116,116,0.020708318716471552
117,117,0.0020290292607128275
118,118,0.05213248737290874
119,119,0.5860096350685629
120,120,0.11582305945794108
121,121,0.02777843354833054
122,122,0.26126953589117224
123,123,0.3541177201977116
124,124,0.35837746702616247
125,125,0.26871652828232107
126,126,0.7117936668484425
127,127,0.26455244686537605
128,128,0.17142376024757136
129,129,0.14995136126835537
130,130,0.09840670671098671
131,131,0.03784827396230785
132,132,0.0025119664727851327
133,133,0.033108333475768914
134,134,0.29234463971142366
135,135,0.03353252609517736
136,136,0.034601785226791325
137,137,0.0047869947414623335
138,138,0.0414546464709985
139,139,0.2091446592922407
140,140,0.006947860413568086
141,141,0.00799678904429581
142,142,0.07259493531924142
143,143,0.05885753599061817
144,144,0.2880092927925747
145,145,0.21606841078466962
146,146,0.36629227128347663
147,147,0.013945390492206047
148,148,0.0033748164264768513
149,149,0.6133050617229072
150,150,0.016600855369503655
151,151,0.678408510277602
152,152,0.4486215201481384
153,153,0.07097924060172812
154,154,0.23951597257505877
155,155,0.6907762701048837
156,156,0.06532667806352051
157,157,0.05413215787028437
158,158,0.06394715256578924
159,159,0.13573598662993286
160,160,0.337478042114851
161,161,0.7047900710025883
162,162,0.10378968145765691
163,163,0.04119343641065367
164,164,0.5661484141037868
165,165,0.07075728943683429
166,166,0.041551818087873
167,167,0.09312922052019641
168,168,0.04171267387266812
169,169,0.6004104136010274
170,170,0.664807132829763
171,171,0.015718305955783014
172,172,0.4228960930704691
173,173,0.48839607058005274
174,174,0.12110865272967027
175,175,0.6035000469720738
176,176,0.06528793355251006
177,177,0.0708938951873056
178,178,0.024164653333031954
179,179,0.8483994300901951
180,180,0.1755612769005693
181,181,0.07511627155544506
182,182,0.042007182675360195
183,183,0.10448637815229474
184,184,0.1317614408932916
185,185,0.012918376236389145
186,186,0.12333977172357823
187,187,0.005935981463294701
188,188,0.04694233736116446
189,189,0.016279085842171605
190,190,0.01379010030264002
191,191,0.0067053196675695564
192,192,0.14682318738444128
193,193,0.017049466014604792
194,194,0.27355927596700447
195,195,0.10481820705289782
196,196,0.030457965469236258
197,197,0.22385815109336885
198,198,0.4393678554163632
199,199,0.5350545165144102
200,200,0.5285095142283464
201,201,0.6705851731526705
202,202,0.2726018237161038
203,203,0.653168126703429
204,204,0.19827568350974434
205,205,0.005768303744689946
206,206,0.07620903375216838
207,207,0.645983248071353
208,208,0.6942710222887314
209,209,0.5017140503689285
210,210,0.3621100485462767
211,211,0.1460850263541761
212,212,0.644085683058429
213,213,0.0073390538780923435
214,214,0.005934969161225666
215,215,0.5505187391659737
216,216,0.765337774597298
217,217,0.6246530437894953
218,218,0.22989936150417573
219,219,0.4388873776641574
220,220,0.5010716897309738
221,221,0.018291973902852744
222,222,0.10601671269489715
223,223,0.14595563811487472
224,224,0.05621070692220609
225,225,0.6510761047352066
226,226,0.3422766632421067
227,227,0.07890690201623786
228,228,0.47433743132283923
229,229,0.34939231590462844
230,230,0.002603431967431248
231,231,0.009700950326764643
232,232,0.3367273030290483
233,233,0.004836466160497932
234,234,0.009269911073612478
235,235,0.0579233328475784
236,236,0.7793447563232917
237,237,0.3122339922796603
238,238,0.06508969498682136
239,239,0.3922533305836027
240,240,0.17280688280007098
241,241,0.01306525077703432
242,242,0.12581477774363287
243,243,0.4846233807969157
244,244,0.06779332763976538
245,245,0.05977609800663721
246,246,0.01654758200831579
247,247,0.002140542394370301
248,248,0.02193553645813553
249,249,0.05626536183648143
250,250,0.0015227323748548732
251,251,0.017417651598644442
252,252,0.11938075440467576
253,253,0.499111022970299
254,254,0.2980501076174188
255,255,0.5011400856498583
256,256,0.0947650800916811
257,257,0.21087871745921372
258,258,0.1684417238839998
259,259,0.5684284931807055
260,260,0.09024997993426814
261,261,0.37644125686256075
262,262,0.221312852806009
263,263,0.368718503614206
264,264,0.6122603833529037
265,265,0.22564661882416584
266,266,0.6289461479832541
267,267,0.23182280863021892
268,268,0.15119704610592452
269,269,0.0711082071774906
270,270,0.007360925453301965
271,271,0.003903079645956882
272,272,0.3713698681093298
273,273,0.4821850864891695
274,274,0.07749304931865322
275,275,0.2411346299782259
276,276,0.0430851299935635
277,277,0.0570535935223331
278,278,0.13984185596057108
279,279,0.059841871761716
280,280,0.6215347274159909
281,281,0.05984689106571615
282,282,0.5514907122364346
283,283,0.001893032644185093
284,284,0.22067817800007733
285,285,0.011627189403913767
286,286,0.004438638084804705
287,287,0.002815507063598808
288,288,0.10100934091992757
289,289,0.7709114858343653
290,290,0.32193949738239136
291,291,0.6532064161119033
292,292,0.07302831554878397
293,293,0.4345804545917161
294,294,0.614392929772864
295,295,0.07586342632049188
296,296,0.10664196440478668
297,297,0.4995308134746743
298,298,0.001636002946924724
299,299,0.27506561447013544
300,300,0.023611455280061405
301,301,0.1371616694342158
302,302,0.05614079703983568
303,303,0.7868256701136869
304,304,0.01691211740676761
305,305,0.17951861130388125
306,306,0.23198177876095052
307,307,0.5947450071658655
308,308,0.7376099575845689
309,309,0.6991904631501497
310,310,0.08503462794344795
311,311,0.003704137113522197
312,312,0.05550712861539379
313,313,0.04624730816999553
314,314,0.4893042013671313
315,315,0.7365933207084798
316,316,0.028423663660111162
317,317,0.22203368566759007
318,318,0.7499168470813574
319,319,0.5390741553889224
320,320,0.4618523041904539
321,321,0.6808803284541048
322,322,0.571851418118208
323,323,0.10882918466753991
324,324,0.011271326180209944
325,325,0.6776928243460991
326,326,0.01769383788539118
327,327,0.23084033520591216
328,328,0.0024132639920607063
329,329,0.38258047278366897
330,330,0.13823662314394747
331,331,0.39888964177745057
332,332,0.27636442570054914
333,333,0.1418886162675646
334,334,0.5096384629459786
335,335,0.09427329193840732
336,336,0.008704231518990364
337,337,0.1618564523542363
338,338,0.013021032768191464
339,339,0.008579625980533355
340,340,0.4957961633990013
341,341,0.2907292931575901
342,342,0.17129974481231433
343,343,0.28489493040261543
344,344,0.006811593992071258
345,345,0.04608888144824411
346,346,0.3864359633339181
347,347,0.2422439955440626
348,348,0.011890783778738787
349,349,0.37783387593084433
350,350,0.06619006759818852
351,351,0.057579104447179334
352,352,0.269316012802054
353,353,0.04951780401788885
354,354,0.308401251852716
355,355,0.013204175203007092
356,356,0.6568208837828693
357,357,0.6257216757190137
358,358,0.6141801952269411
359,359,0.5353093558874891
360,360,0.2007654193428352
361,361,0.0063415412811195825
362,362,0.4623523670576404
363,363,0.052104356138137395
364,364,0.30676171333378827
365,365,0.006700792371204055
366,366,0.06661350710825341
367,367,0.19354667067013426
368,368,0.04610884731096581
369,369,0.05256871796176455
370,370,0.034329879752963706
371,371,0.34475919637392494
372,372,0.02707894294042404
373,373,0.7676617647003057
374,374,0.02068617184932418
375,375,0.1106497301316524
376,376,0.17783659303835603
377,377,0.1446171750963019
378,378,0.7314752734116254
379,379,0.5328807205312917
380,380,0.28817944073633767
381,381,0.07283463381136353
382,382,0.039171941050667396
383,383,0.30883919586113645
384,384,0.11461797857833997
385,385,0.5454867675256094
386,386,0.568367928984847
387,387,0.006518353444966551
388,388,0.0024852910014814596
389,389,0.007679657542315619
390,390,0.6806043113644892
391,391,0.008908462103480551
392,392,0.6883084061620809
393,393,0.4587950034653109
394,394,0.0315453767027416
395,395,0.4514933318668607
396,396,0.051584316839794184
397,397,0.06235064098547504
398,398,0.15921640740999232
399,399,0.014951082398847636
400,400,0.16738888866980348
401,401,0.07541548171035553
402,402,0.015133245415079367
403,403,0.13473185118292239
404,404,0.014710983947826769
405,405,0.5577778523174441
406,406,0.6281739899335727
407,407,0.3218609593264794
408,408,0.17698371075914054
409,409,0.027268633274292325
410,410,0.03149865164579733
411,411,0.039599588536996126
412,412,0.6296538302178495
413,413,0.5388438691825115
414,414,0.17585652251075412
415,415,0.17912486658928045
416,416,0.03841376335673441
417,417,0.4627576818284988
418,418,0.10443047946362764
419,419,0.09227041250386661
420,420,0.46600723086529156
421,421,0.23523685401331348
422,422,0.518541266120706
423,423,0.08436590850799831
424,424,0.06221657856258074
425,425,0.640128501844968
426,426,0.05365366829721062
427,427,0.03818546863985242
428,428,0.7237184616599721
429,429,0.18303807496027225
430,430,0.023972099619814852
431,431,0.049885882944015886
432,432,0.5335561768442763
433,433,0.5089531232855719
434,434,0.6053799206367249
435,435,0.6541076304136694
436,436,0.024149342187710175
437,437,0.004669301281156027
438,438,0.33564235576332724
439,439,0.47038274520652357
440,440,0.08112148394381975
441,441,0.256854192073432
442,442,0.2030701252772434
443,443,0.07142689199515603
444,444,0.3130191958063666
445,445,0.005291294743398131
446,446,0.013542916731999404
447,447,0.0181008060406573
448,448,0.5691909855107643
449,449,0.06989184139606446
450,450,0.6142958021797531
451,451,0.4146040980202544
452,452,0.010870625535708327
453,453,0.6199810810831393
454,454,0.04455927664115117
455,455,0.12104586833275612
456,456,0.1968313230756127
457,457,0.003982149906061195
458,458,0.01364365509456073
459,459,0.1202094275653801
460,460,0.15401999817613338
461,461,0.008147170261403646
462,462,0.0107482590822937
463,463,0.050111721150143416
464,464,0.2418060949259796
465,465,0.16568469877833358
466,466,0.021544629174504344
467,467,0.7109517013415169
468,468,0.16741246871527135
469,469,0.010223444622243817
470,470,0.5525311514204435
471,471,0.3008651106570826
472,472,0.17568361105759117
473,473,0.29534137562478235
474,474,0.5715340194011409
475,475,0.017649900950555793
476,476,0.7629431149334944
477,477,0.05560683396489241
478,478,0.03405837714320595
479,479,0.20536525281930967
480,480,0.3587134158449403
481,481,0.02128744042788629
482,482,0.29125821884970643
483,483,0.44188270873989893
484,484,0.06663214184114438
485,485,0.36611743954539294
486,486,0.44489143447458446
487,487,0.25628387236278605
488,488,0.011433360204852255
489,489,0.0455115774119282
490,490,0.6651570675159437
491,491,0.249322197804648
492,492,0.18972327888405882
493,493,0.056038111120835635
494,494,0.03431724444587252
495,495,0.005288390441616453
496,496,0.04790461524715831
497,497,0.03614188121772438
498,498,0.608223140452819
499,499,0.07425908718381904
500,500,0.7343081685408098
501,501,0.022903678328720832
502,502,0.1748196594855436
503,503,0.39532646698751145
504,504,0.2979472258785176
505,505,0.017121258411230494
506,506,0.1654834651957455
507,507,0.16801967029214465
508,508,0.5741804236666758
509,509,0.0870962292729529
510,510,0.686064334985821
511,511,0.27098012360391793
512,512,0.512320777007842
513,513,0.4086712637311236
514,514,0.11870614601268036
515,515,0.0748688858520882
516,516,0.24627330009049156
517,517,0.8081834548583381
518,518,0.4807314035698671
519,519,0.007000605049621148
520,520,0.5992695119560203
521,521,0.03636163510375051
522,522,0.0045625963336628755
523,523,0.11753895282504837
524,524,0.7650160944058875
525,525,0.15212599588096604
526,526,0.4279761129487398
527,527,0.11686902924224776
528,528,0.6541987630096924
529,529,0.07889186641255837
530,530,0.015613149215622074
531,531,0.05173788431663088
532,532,0.18449761142154325
533,533,0.4444840000654089
534,534,0.7261489878213613
535,535,0.5566285161822548
536,536,0.5512653652816569
537,537,0.017397957043258437
538,538,0.44234108752987983
539,539,0.18481792475070483
540,540,0.5497400786148245
541,541,0.7205899859578009
542,542,0.1499219736355111
543,543,0.06965728482005033
544,544,0.08312325623367736
545,545,0.3110309268837796
546,546,0.40115203443622455
547,547,0.00806504311599063
548,548,0.41883870444651805
549,549,0.04745869922929758
550,550,0.11176054498113777
551,551,0.031866656217888874
552,552,0.009526719083622603
553,553,0.14132692266975538
554,554,0.07843694204627084
555,555,0.05061123417520056
556,556,0.7033693154513183
557,557,0.7164504110582383
558,558,0.06118456491912631
559,559,0.34982584495792074
560,560,0.4015408341172528
561,561,0.0038480792756640718
562,562,0.021941862897131743
563,563,0.02928547070771984
564,564,0.2742120581356981
565,565,0.1813708294393941
566,566,0.7242927882464567
567,567,0.08187153746818956
568,568,0.5427725262248038
569,569,0.06990751733602191
570,570,0.0073971266234266215
571,571,0.7590358059541298
572,572,0.7373739262220749
573,573,0.17459918756893555
574,574,0.004256981452433259
575,575,0.27368857575881134
576,576,0.24049625216754444
577,577,0.5348843719653481
578,578,0.32204639185335593
579,579,0.6697024392702847
580,580,0.016293039207594957
581,581,0.6379188298862469
582,582,0.0024919882773689283
583,583,0.019374170754910946
584,584,0.22118842168658534
585,585,0.007995600796191509
586,586,0.20375761907853665
587,587,0.0393742705203791
588,588,0.7661467200619847
589,589,0.3973031819943964
590,590,0.812772604298564
591,591,0.05729564336695343
592,592,0.6687071863229382
593,593,0.046992674172574356
594,594,0.4626952123435219
595,595,0.6353625136389376
596,596,0.0018723129915446707
597,597,0.458581021456994
598,598,0.41650813472589515
599,599,0.02594435488166415
600,600,0.0041029213260220295
601,601,0.2838835870448538
602,602,0.10886012356797292
603,603,0.5886975711962531
604,604,0.023324735041934958
605,605,0.09426352790520984
606,606,0.09738128518875314
607,607,0.6797338503825007
608,608,0.07464720587574183
609,609,0.21284088507659515
610,610,0.571961435899914
611,611,0.1658785434300671
612,612,0.34679216954381664
613,613,0.2376716870520229
614,614,0.04078747626133335
615,615,0.01583779243845814
616,616,0.6044477985402626
617,617,0.10588895245146497
618,618,0.02978699314163145
619,619,0.25033039614148256
620,620,0.0457201773292077
621,621,0.38721709813675914
622,622,0.5299651391720033
623,623,0.7562719910973215
624,624,0.041267953503438023
625,625,0.1424929802500415
626,626,0.01254083863886597
627,627,0.06231952377585771
628,628,0.6638262892608993
629,629,0.22508922226423395
630,630,0.5406246950429209
631,631,0.04654286291229178
632,632,0.6232032870671372
633,633,0.029090375658484935
634,634,0.6074365628723181
635,635,0.007586268509624706
636,636,0.06781004788699718
637,637,0.09977053696491964
638,638,0.18875349285376053
639,639,0.6467624589764084
640,640,0.6978082161381887
641,641,0.17641063359824696
642,642,0.10802353903710887
643,643,0.11972584442540579
644,644,0.21174839920378297
645,645,0.03704926389756781
646,646,0.07541365443349474
647,647,0.07565657356894598
648,648,0.002785373922547176
649,649,0.15989336995051145
650,650,0.016578953436594292
651,651,0.7961588162309591
652,652,0.0178086150877471
653,653,0.2542436269912978
654,654,0.22858427405947918
655,655,0.6305100372293967
656,656,0.17526721788669047
657,657,0.11950805870924189
658,658,0.06590730144636082
659,659,0.20667174572092936
660,660,0.1000451190675351
661,661,0.025580266163396856
662,662,0.43945869552563344
663,663,0.27747893779930644
664,664,0.011412652792644615
665,665,0.7254892753748159
666,666,0.8073505977013832
667,667,0.20655328597019318
668,668,0.021975560886059207
669,669,0.0036799749480243226
670,670,0.056892886791780437
671,671,0.5254842431761313
672,672,0.6358783589282192
673,673,0.3859188549986947
674,674,0.7367937363485301
675,675,0.1263784163560193
676,676,0.0085350765403407
677,677,0.29894044791889374
678,678,0.18048134817017264
679,679,0.6263240205176327
680,680,0.367607960201704
681,681,0.08993297060251912
682,682,0.03186208820853441
683,683,0.3616413726285416
684,684,0.01893532880470112
685,685,0.30788041351288065
686,686,0.06643106408083183
687,687,0.01977509676859691
688,688,0.25879002243773075
689,689,0.30471480990654876
690,690,0.7197799658995434
691,691,0.8238242719480348
692,692,0.344490623654103
693,693,0.2598362085141587
694,694,0.06132669480026222
695,695,0.5476758824576878
696,696,0.29297596182084606
697,697,0.017241633171178352
698,698,0.015170154513286191
699,699,0.1098125377526832
700,700,0.05523742034406117
701,701,0.20566320660850507
702,702,0.13612348509681735
703,703,0.09000777854100817
704,704,0.7903329166608107
705,705,0.008736088565260052
706,706,0.07006821902581066
707,707,0.620026257508624
708,708,0.010415825144507174
709,709,0.06937409959103472
710,710,0.05041162454343898
711,711,0.19097370928444385
712,712,0.2803753796538663
713,713,0.16965735277767877
714,714,0.17411120424524498
715,715,0.14535185032249454
716,716,0.6971796900087514
717,717,0.013466853786906489
718,718,0.4330918296806406
719,719,0.7968677684816216
720,720,0.12409119280818154
721,721,0.16067754145885405
722,722,0.19173244276194432
723,723,0.44578090077662447
724,724,0.1048426804743072
725,725,0.6836515961066052
726,726,0.028778219505041388
727,727,0.5068703645089732
728,728,0.2812076783666386
729,729,0.04028721680283576
730,730,0.0053204207973948075
731,731,0.7246656957898135
732,732,0.009136486862105973
733,733,0.014617526161670742
734,734,0.04832564556724259
735,735,0.5881261936601457
736,736,0.01247286318318432
737,737,0.32306560282307345
738,738,0.4592473054441823
739,739,0.4349870541175726
740,740,0.373742887318149
741,741,0.3382451250962551
742,742,0.4032542106610602
743,743,0.36262446785568603
744,744,0.16786494944492011
745,745,0.20573579783461077
746,746,0.06600789441740576
747,747,0.29694471340158235
748,748,0.0021425035156349657
749,749,0.6346783439564283
750,750,0.5001535484337474
751,751,0.0306594156787015
752,752,0.08967232992519895
753,753,0.06768160362284711
754,754,0.6438494988594372
755,755,0.12639320696030082
756,756,0.1614037201222313
757,757,0.4526798872660261
758,758,0.029367844231351057
759,759,0.6894758307197985
760,760,0.36840297505962905
761,761,0.6526324380783648
762,762,0.7025601412304355
763,763,0.11598682450607696
764,764,0.13378600252150452
765,765,0.13721858701333162
766,766,0.49292880294676183
767,767,0.06847432902190752
768,768,0.12750189776084558
769,769,0.41624610771897685
770,770,0.6181173021906853
771,771,0.06096635537135678
772,772,0.7436156710690607
773,773,0.1700259753813526
774,774,0.4945872305102327
775,775,0.08374482932147938
776,776,0.07836542539052328
777,777,0.5360122011465489
778,778,0.029804588515165743
779,779,0.6317945238050974
780,780,0.07905183771859171
781,781,0.4831134096376089
782,782,0.6012551960842804
783,783,0.5983705002609788
784,784,0.012560004765859467
785,785,0.5891626720114709
786,786,0.14488467059637022
787,787,0.15747281706866845
788,788,0.602873651663543
789,789,0.0054533844644986855
790,790,0.5934215362556043
791,791,0.5848374753070095
792,792,0.012454334511083846
793,793,0.5119249678426275
794,794,0.7013373019296147
795,795,0.590400355949573
796,796,0.37703034364014276
797,797,0.005151589747875671
798,798,0.11080653333865664
799,799,0.010673395788045865
800,800,0.17382212706823919
801,801,0.3858947763734614
802,802,0.023500064679818123
803,803,0.7218252201675068
804,804,0.005448211922918067
805,805,0.18955096715312778
806,806,0.012758143724596044
807,807,0.5047717087354023
808,808,0.16656784120702395
809,809,0.27318312968469166
810,810,0.1437735187239755
811,811,0.2465053543950311
812,812,0.34150717173366474
813,813,0.11873913236770915
814,814,0.037179980547855006
815,815,0.680895178305276
816,816,0.15836964004567253
817,817,0.4939179417391647
818,818,0.023204253921275272
819,819,0.04599865457251295
820,820,0.06405785052026004
821,821,0.800016120481878
822,822,0.006579852171940615
823,823,0.03502268403479768
824,824,0.07245749860476783
825,825,0.04044137491782147
826,826,0.02636361438323722
827,827,0.5616839947350123
828,828,0.7868962331324698
829,829,0.778300007923884
830,830,0.8264431132473012
831,831,0.6975564764366662
832,832,0.18092822870334865
833,833,0.26950395457151716
834,834,0.2215197943489779
835,835,0.4017096586389689
836,836,0.06693237663324458
837,837,0.7390121603183011
838,838,0.4855174765711302
839,839,0.4089083096019116
840,840,0.24301161889868275
841,841,0.17672308803238898
842,842,0.06659677770696437
843,843,0.3506251983738177
844,844,0.0054298820876113344
845,845,0.34671388775854817
846,846,0.6066810781316089
847,847,0.7119902649056707
848,848,0.020508216898949785
849,849,0.22715440400395934
850,850,0.294838882273822
851,851,0.12322232634546544
852,852,0.00720477378358038
853,853,0.27306128246413136
854,854,0.25748616768922555
855,855,0.07622091078694976
856,856,0.5512073529914308
857,857,0.0883166090652521
858,858,0.7296513590561516
859,859,0.010227098300671365
860,860,0.544740169136629
861,861,0.0724631038038522
862,862,0.06513650076401242
863,863,0.4526681500456989
864,864,0.1720632072443438
865,865,0.025947345675744613
866,866,0.09355851269747902
867,867,0.3271448719164428
868,868,0.2940669297270523
869,869,0.4320376204017734
870,870,0.7214034632285624
871,871,0.06295829912123282
872,872,0.08870679248686168
873,873,0.5282356364232675
874,874,0.6875426031990101
875,875,0.5429724304753845
876,876,0.278832544498295
877,877,0.12110922587860044
878,878,0.01377765558354558
879,879,0.11576688904776898
880,880,0.10012025701126072
881,881,0.0502935287608188
882,882,0.003691285995395602
883,883,0.822010567117651
884,884,0.01780580424341218
885,885,0.35874665542308937
886,886,0.2679928530326239
887,887,0.012538140159100014
888,888,0.05493986865375158
889,889,0.19868371218742736
890,890,0.41434119497274596
891,891,0.1151147655189919
892,892,0.005300935879953195
893,893,0.7554406748547637
894,894,0.11707054862607719
895,895,0.05118050177268876
896,896,0.03773738548923259
897,897,0.47808768225747394
898,898,0.053682555800357766
899,899,0.7874814018772424
900,900,0.016988752800327394
901,901,0.264641608595811
902,902,0.057805041605585215
903,903,0.051977503569672796
904,904,0.18783189512192233
905,905,0.009078159765952627
906,906,0.6469003932385899
907,907,0.0030873422908772184
908,908,0.04035248253162005
909,909,0.7152533317636564
910,910,0.011776458027653612
911,911,0.05662296860862536
912,912,0.006484075265651269
913,913,0.47418453693554746
914,914,0.13532085695583795
915,915,0.026236738686442777
916,916,0.7389983072892349
917,917,0.5056567011028141
918,918,0.1768968030103497
919,919,0.6951241046233083
920,920,0.11377476065335262
921,921,0.8129407563622862
922,922,0.19611616051934425
923,923,0.022262884278472145
924,924,0.5881266218831999
925,925,0.1100361391928835
926,926,0.04958153953665035
927,927,0.18101668148043115
928,928,0.07127710450984899
929,929,0.20111601708437288
930,930,0.6128882566615349
931,931,0.34863660828658216
932,932,0.7904430838061254
933,933,0.06405967163749647
934,934,0.06196017048644582
935,935,0.05444056359294598
936,936,0.009640030619006694
937,937,0.38837685759965423
938,938,0.11383402510577406
939,939,0.014682301927893618
940,940,0.0013188639394198637
941,941,0.586764498115831
942,942,0.48400302041434046
943,943,0.004147225677414124
944,944,0.11442506056076672
945,945,0.7366317178988957
946,946,0.31014463211946286
947,947,0.012601861533952817
948,948,0.11307192475275507
949,949,0.4878324378323044
950,950,0.6584332372085767
951,951,0.058354125178960374
952,952,0.18163679419860776
953,953,0.448080806786467
954,954,0.19383481521258505
955,955,0.14428818537043672
956,956,0.10753963135710963
957,957,0.3048747639312415
958,958,0.057291219771553444
959,959,0.1074004548714685
960,960,0.4503847062318216
961,961,0.4727714050306176
962,962,0.15733154822696624
963,963,0.015455762809530317
964,964,0.5960651851274065
965,965,0.7735670913065122
966,966,0.3268310642555251
967,967,0.004977506509350508
968,968,0.1082106533335432
969,969,0.02388292352209986
970,970,0.022936089106161222
971,971,0.008318399781482239
972,972,0.4599715204858712
973,973,0.1390691026293529
974,974,0.0030784114761895215
975,975,0.6062757227200487
976,976,0.08314157504091237
977,977,0.058524988083861564
978,978,0.5177790418022571
979,979,0.08150565933627549
980,980,0.7225295028603033
981,981,0.10469536433509583
982,982,0.3431232349321769
983,983,0.002191777090022536
984,984,0.4657938302190043
985,985,0.019422562162264023
986,986,0.038462326694192445
987,987,0.6863488345148909
988,988,0.2762942995713377
989,989,0.029803628964983488
990,990,0.7227250553125291
991,991,0.6213087439057452
992,992,0.211682467556222
993,993,0.14055077664231416
994,994,0.5592962930551096
995,995,0.4664200681459825
996,996,0.16681713529250494
997,997,0.0017980826471521102
998,998,0.7389060171567372
999,999,0.0058032601274742935
1000,1000,0.018103217722338298
1001,1001,0.21863201793986353
1002,1002,0.17785463203344554
1003,1003,0.112966042773223
1004,1004,0.5207006102666559
1005,1005,0.0034872416231506408
1006,1006,0.040604690952173984
1007,1007,0.08464112122745504
1008,1008,0.11175849874164588
1009,1009,0.24262803835217137
1010,1010,0.6261587954976525
1011,1011,0.43332071704958175
1012,1012,0.14700751001375253
1013,1013,0.2529468360775027
1014,1014,0.10695159074762638
1015,1015,0.006438072667547775
1016,1016,0.0033411323987088803
1017,1017,0.16250386362658215
1018,1018,0.5355470164400431
1019,1019,0.7519259560566403
1020,1020,0.6588473365647844
1021,1021,0.00760414900497825
1022,1022,0.10237803529901214
1023,1023,0.009914696800745828
1024,1024,0.09543536368916923
1025,1025,0.7575194867084082
1026,1026,0.5550809131008235
1027,1027,0.04937565257542843
1028,1028,0.07734611364606171
1029,1029,0.7399937842199448
1030,1030,0.1889082318642753
1031,1031,0.002954533965959118
1032,1032,0.04629635752846128
1033,1033,0.09818543923935681
1034,1034,0.09016295724206866
1035,1035,0.49131683276121674
1036,1036,0.6480427028556519
1037,1037,0.16309456361131305
1038,1038,0.23338788711599737
1039,1039,0.011742640223687479
1040,1040,0.4910206530369794
1041,1041,0.274771721524211
1042,1042,0.5919564571735448
1043,1043,0.0036274643227820493
1044,1044,0.042491331887947716
1045,1045,0.003005911950527616
1046,1046,0.024864370904261315
1047,1047,0.31309067903986637
1048,1048,0.6820590851344199
1049,1049,0.03610332917820594
1050,1050,0.1920297624217053
1051,1051,0.059964738040476036
1052,1052,0.06175860571577589
1053,1053,0.01921427953552345
1054,1054,0.005186289106887398
1055,1055,0.08716196064108984
1056,1056,0.18059251813960128
1057,1057,0.052729310897792175
1058,1058,0.17719885680218608
1059,1059,0.6066083479133259
1060,1060,0.5053465426742302
1061,1061,0.03873314225131427
1062,1062,0.06666586255731004
1063,1063,0.045928609908039486
1064,1064,0.1637296365115582
1065,1065,0.44463717377626605
1066,1066,0.1346811623324663
1067,1067,0.14258296808321091
1068,1068,0.02055002805417193
1069,1069,0.002564944020273652
1070,1070,0.06258514433456357
1071,1071,0.18702008193859035
1072,1072,0.09486690713234061
1073,1073,0.14301105551435195
1074,1074,0.03665989610973073
1075,1075,0.014744648113158693
1076,1076,0.06751892129890441
1077,1077,0.3522946959700513
1078,1078,0.1466394713613329
1079,1079,0.6435577919312542
1080,1080,0.02034654082730558
1081,1081,0.837826951092184
1082,1082,0.3488790419054144
1083,1083,0.043298496318228755
1084,1084,0.5844283049408373
1085,1085,0.34160754513439195
1086,1086,0.49008594432051916
1087,1087,0.022021484685798697
1088,1088,0.7434464311064276
1089,1089,0.7979563400648443
1090,1090,0.2273006500528031
1091,1091,0.6928560396047146
1092,1092,0.07893014151277962
1093,1093,0.5721585861325471
1094,1094,0.38135848201335937
1095,1095,0.062362234162259854
1096,1096,0.03635003376477852
1097,1097,0.28622190346752446
1098,1098,0.3377695058942144
1099,1099,0.10990561720264996
1100,1100,0.4097763750183932
1101,1101,0.33224858509325395
1102,1102,0.13745549029670937
1103,1103,0.056983644373013224
1104,1104,0.01550803211849051
1105,1105,0.0899438156469756
1106,1106,0.00891835676489352
1107,1107,0.05525940433512641
1108,1108,0.003628291741175002
1109,1109,0.21890481105429374
1110,1110,0.6966391769966348
1111,1111,0.03485163617616744
1112,1112,0.002669384551602871
1113,1113,0.1164558291252014
1114,1114,0.09321019443767267
1115,1115,0.6053772786825306
1116,1116,0.28866639707954445
1117,1117,0.1414624073859756
1118,1118,0.04969981986274125
1119,1119,0.16494848525364283
1120,1120,0.061404673288775524
1121,1121,0.1641672240090897
1122,1122,0.4628439178849182
1123,1123,0.5167348988701476
1124,1124,0.019719431319582117
1125,1125,0.01291321910293208
1126,1126,0.33955088305416375
1127,1127,0.5648946128156358
1128,1128,0.19890695720680684
1129,1129,0.5353975660017831
1130,1130,0.4418457196125375
1131,1131,0.03527077077625713
1132,1132,0.13465698189544653
1133,1133,0.17828792622812992
1134,1134,0.6308315535693136
1135,1135,0.5245933122513452
1136,1136,0.008120504589809155
1137,1137,0.027815815597056537
1138,1138,0.40152784855421386
1139,1139,0.004723840700666931
1140,1140,0.5831908939847398
1141,1141,0.6375314772300668
1142,1142,0.08490520761785748
1143,1143,0.0710966714671874
1144,1144,0.546863888474549
1145,1145,0.2451079475746902
1146,1146,0.1111357081135783
1147,1147,0.16101280479838168
1148,1148,0.004514649184785207
1149,1149,0.040351543889569665
1150,1150,0.3751047580044826
1151,1151,0.45488499081012185
1152,1152,0.5889235161628522
1153,1153,0.003636883111662703
1154,1154,0.2982430079216072
1155,1155,0.09249266003431694
1156,1156,0.002938134231599066
1157,1157,0.17394519675685036
1158,1158,0.3709437591725558
1159,1159,0.7505913401787643
1160,1160,0.0036158402816703072
1161,1161,0.2402059816889753
1162,1162,0.29821711869058815
1163,1163,0.18103085989065976
1164,1164,0.009192897529285099
1165,1165,0.6028005698352408
1166,1166,0.12224353251898555
1167,1167,0.008898890639233185
1168,1168,0.1610096750514336
1169,1169,0.002354445488440105
1170,1170,0.07554855519723175
1171,1171,0.06592052110706277
1172,1172,0.25619992618726595
1173,1173,0.10988469549036424
1174,1174,0.13875582253146299
1175,1175,0.61070837840182
1176,1176,0.16107902231692817
1177,1177,0.026701509491134007
1178,1178,0.5408599363332796
1179,1179,0.11590136829853787
1180,1180,0.018731584721667402
1181,1181,0.0066389406847054844
1182,1182,0.2508766398372371
1183,1183,0.05559546962355572
1184,1184,0.11184284582695536
1185,1185,0.16951228139349178
1186,1186,0.6813191762202218
1187,1187,0.5984597198222912
1188,1188,0.002361694421059142
1189,1189,0.10873763241035286
1190,1190,0.08261214385039199
1191,1191,0.0373633109232131
1192,1192,0.27661184662884725
1193,1193,0.49220685731033814
1194,1194,0.5952095689772808
1195,1195,0.031249391994592438
1196,1196,0.1314952308039687
1197,1197,0.02838638678475096
1198,1198,0.016148262182884808
1199,1199,0.20237997932851962
1200,1200,0.13526588779460133
1201,1201,0.015578377160203277
1202,1202,0.013785747816223673
1203,1203,0.47536204033585766
1204,1204,0.2560072150179513
1205,1205,0.18017596761991478
1206,1206,0.5210560455992573
1207,1207,0.07022980668311819
1208,1208,0.5176721839196972
1209,1209,0.0537569908590878
1210,1210,0.3737115713075136
1211,1211,0.028518641075920694
1212,1212,0.10619879032496632
1213,1213,0.780559914410713
1214,1214,0.07715274585608672
1215,1215,0.35010314755128874
1216,1216,0.29399383942150215
1217,1217,0.747428276148366
1218,1218,0.27481491674855885
1219,1219,0.0768774012824243
1220,1220,0.007040049274819928
1221,1221,0.41048367926316104
1222,1222,0.7630317923237787
1223,1223,0.3173688381798657
1224,1224,0.03803537390885122
1225,1225,0.34639293796021403
1226,1226,0.6952505594326233
1227,1227,0.7103105232255184
1228,1228,0.6028549107964586
1229,1229,0.6846614056846927
1230,1230,0.0057506338286056335
1231,1231,0.5460021723354553
1232,1232,0.6548326826213344
1233,1233,0.5920903166304606
1234,1234,0.2221738027071784
1235,1235,0.004561143769406642
1236,1236,0.8067930791585983
1237,1237,0.5851111874165797
1238,1238,0.6248824914396152
1239,1239,0.0070578301210070075
1240,1240,0.22128966911898493
1241,1241,0.12242095913803135
1242,1242,0.009245410926708178
1243,1243,0.7171124338835891
1244,1244,0.005074362745047015
1245,1245,0.05290873460054898
1246,1246,0.34574953798089636
1247,1247,0.15826381064145018
1248,1248,0.07500098241739166
1249,1249,0.14330077741216607
1250,1250,0.04459096271598487
1251,1251,0.43013953147755163
1252,1252,0.003391524663941081
1253,1253,0.7541759651001709
1254,1254,0.13542249364978118
1255,1255,0.0017986547569646863
1256,1256,0.4839945613908952
1257,1257,0.6817847011294941
1258,1258,0.0034220693577021663
1259,1259,0.24742829728462953
1260,1260,0.7402940499147758
1261,1261,0.007603998241921951
1262,1262,0.17507947450403127
1263,1263,0.2541260125438016
1264,1264,0.27558290039212274
1265,1265,0.22253382517841586
1266,1266,0.5429217469785435
1267,1267,0.347613678927972
1268,1268,0.5801398833408005
1269,1269,0.3338054707219114
1270,1270,0.012254059426913258
1271,1271,0.013891322957296464
1272,1272,0.16691186981715106
1273,1273,0.022131306577238684
1274,1274,0.006673864496363064
1275,1275,0.19649527410035234
1276,1276,0.030276644474337054
1277,1277,0.0015839409399246295
1278,1278,0.10541906560525142
1279,1279,0.33124337354676736
1280,1280,0.04160471486290869
1281,1281,0.5920725189450183
1282,1282,0.7809627125263189
1283,1283,0.1688183296512567
1284,1284,0.6433160625934006
1285,1285,0.1703220661313969
1286,1286,0.08481134106599593
1287,1287,0.6117384532475505
1288,1288,0.6467182772897739
1289,1289,0.03169353097928276
1290,1290,0.20701471314392558
1291,1291,0.6339055964522141
1292,1292,0.09861402271351562
1293,1293,0.01504862694949902
1294,1294,0.23595961608231025
1295,1295,0.3941650497289321
1296,1296,0.04378099834694592
1297,1297,0.3093241427156622
1298,1298,0.5577225300492638
1299,1299,0.3672562132206214
1300,1300,0.6932306289946005
1301,1301,0.7338935326717138
1302,1302,0.04921140971175477
1303,1303,0.6725751031289053
1304,1304,0.12838042515661777
1305,1305,0.10659511943217875
1306,1306,0.24934623844391837
1307,1307,0.02046167399768009
1308,1308,0.15171093629193816
1309,1309,0.706294547518593
1310,1310,0.08628715795801192
1311,1311,0.4783106893361567
1312,1312,0.3666207534233767
1313,1313,0.031050369160376838
1314,1314,0.02863831927542322
1315,1315,0.3704229663970817
1316,1316,0.003812764920518634
1317,1317,0.5112982669357543
1318,1318,0.04450209286454434
1319,1319,0.0035888980323068396
1320,1320,0.1512029979615861
1321,1321,0.009497318209568539
1322,1322,0.2421344698305918
1323,1323,0.3033065659297197
1324,1324,0.07831035648539474
1325,1325,0.493327141354356
1326,1326,0.620030534938643
1327,1327,0.13573093212975337
1328,1328,0.7253911678530894
1329,1329,0.39098068641384004
1330,1330,0.7706199609352278
1331,1331,0.18498766042632808
1332,1332,0.14280756072311976
1333,1333,0.21030854718707412
1334,1334,0.006430051791238589
1335,1335,0.6588626668660497
1336,1336,0.039059152840700724
1337,1337,0.678870299246937
1338,1338,0.002714510600073783
1339,1339,0.7735671844144216
1340,1340,0.027799137150026576
1341,1341,0.2702336245349468
1342,1342,0.019401959822835883
1343,1343,0.094095539258501
1344,1344,0.040416711646995604
1345,1345,0.11918415198047416
1346,1346,0.05809308311839631
1347,1347,0.013503811406191507
1348,1348,0.6360094664506573
1349,1349,0.04866401282556294
1350,1350,0.016114546445871725
1351,1351,0.033088997173695664
1352,1352,0.01873673635774955
1353,1353,0.42019633136941215
1354,1354,0.23696243218761692
1355,1355,0.5526695046461343
1356,1356,0.081336657313762
1357,1357,0.4085875528958046
1358,1358,0.014419108009843369
1359,1359,0.24352974733534696
1360,1360,0.1746277535546464
1361,1361,0.13303453525942965
1362,1362,0.6077076119131466
1363,1363,0.034111759970395665
1364,1364,0.14154122500895813
1365,1365,0.5068924028857755
1366,1366,0.2398867780707635
1367,1367,0.009890680951660222
1368,1368,0.10350426875404453
1369,1369,0.06201692969062314
1370,1370,0.06343987398182756
1371,1371,0.6229647508373563
1372,1372,0.03180788201903505
1373,1373,0.21843199348208758
1374,1374,0.03739249022122476
1375,1375,0.22480349611088588
1376,1376,0.0772413634791784
1377,1377,0.3987989369889246
1378,1378,0.32502339169449046
1379,1379,0.2153129297950631
1380,1380,0.7244098208518757
1381,1381,0.5811579622227446
1382,1382,0.44772889216767375
1383,1383,0.004585974237448261
1384,1384,0.43665191195508923
1385,1385,0.7765096861010261
1386,1386,0.543032056420783
1387,1387,0.11021629076854973
1388,1388,0.6028492638568443
1389,1389,0.5610406827385728
1390,1390,0.5234840637568469
1391,1391,0.014338552422128852
1392,1392,0.73624267927894
1393,1393,0.15138495761589663
1394,1394,0.014247571883156685
1395,1395,0.583815190644618
1396,1396,0.12966266579529098
1397,1397,0.00945439221312693
1398,1398,0.20424379729554257
1399,1399,0.2132154987667773
1400,1400,0.3172363966303603
1401,1401,0.020663279928347832
1402,1402,0.24787305085668582
1403,1403,0.011545483566318772
1404,1404,0.04813848017331735
1405,1405,0.10470812025876888
1406,1406,0.1815481055777016
1407,1407,0.24257277486501247
1408,1408,0.12897601631277333
1409,1409,0.002154162513953339
1410,1410,0.02783014279704092
1411,1411,0.010535177292627521
1412,1412,0.5336340967408545
1413,1413,0.5128904132626819
1414,1414,0.03495092494957068
1415,1415,0.09138515626507357
1416,1416,0.23827427818439278
1417,1417,0.006406769098782388
1418,1418,0.12843069661556267
1419,1419,0.2721070796193571
1420,1420,0.04578510084698802
1421,1421,0.003047899233447183
1422,1422,0.01373053404644446
1423,1423,0.005197928098744473
1424,1424,0.11154195582521169
1425,1425,0.08993423159443983
1426,1426,0.030847092835205557
1427,1427,0.09077875856336107
1428,1428,0.7861016084951117
1429,1429,0.42628107538822246
1430,1430,0.10513965639798024
1431,1431,0.2749732223204552
1432,1432,0.3868276298892909
1433,1433,0.003527593341998082
1434,1434,0.6083051804473061
1435,1435,0.24746160311538595
1436,1436,0.39037852192066047
1437,1437,0.11914147244141092
1438,1438,0.4686727060808
1439,1439,0.49291639757326544
1440,1440,0.17680992876940418
1441,1441,0.48818533057888425
1442,1442,0.18408140300382297
1443,1443,0.5908333226324265
1444,1444,0.16329471970047144
1445,1445,0.091653102340016
1446,1446,0.18548485041327112
1447,1447,0.2173732918327773
1448,1448,0.03955360984204659
1449,1449,0.7705473086035739
1450,1450,0.06452527374065004
1451,1451,0.5177440313007656
1452,1452,0.5687328321937769
1453,1453,0.014854988282961844
1454,1454,0.09704098442272893
1455,1455,0.03398760836891843
1456,1456,0.1084992498291857
1457,1457,0.23360587540066893
1458,1458,0.18452408756284194
1459,1459,0.6981856028402454
1460,1460,0.620588468764457
1461,1461,0.011198071732016278
1462,1462,0.008501904375605959
1463,1463,0.17654950705444514
1464,1464,0.3890906479586419
1465,1465,0.6239634429051004
1466,1466,0.03805296317552287
1467,1467,0.012881325187052256
1468,1468,0.0201907571972208
1469,1469,0.44724580173424106
1470,1470,0.23751933047965929
1471,1471,0.047491771871002446
1472,1472,0.2834570469250632
1473,1473,0.2604624845215689
1474,1474,0.4529108247600831
1475,1475,0.8175480795754361
1476,1476,0.09466611053217092
1477,1477,0.020680715530805444
1478,1478,0.2544439195745016
1479,1479,0.44859605137260067
1480,1480,0.008207831313544023
1481,1481,0.24909888427218885
1482,1482,0.009038142976406118
1483,1483,0.14344897335291024
1484,1484,0.15683138563614676
1485,1485,0.18092822870334865
1486,1486,0.039408704195982254
1487,1487,0.0912473890441269
1488,1488,0.2802685518107615
1489,1489,0.18545333748337361
1490,1490,0.5594433798748302
1491,1491,0.021452851954230617
1492,1492,0.002650818018652841
1493,1493,0.20764991622151346
1494,1494,0.7340747926946828
1495,1495,0.39879882082460594
1496,1496,0.24878029582194847
1497,1497,0.16331922408433078
1498,1498,0.17542549676417574
1499,1499,0.15633666232179663
1500,1500,0.055282039802779064
1501,1501,0.09908434169749412
1502,1502,0.0027208506621304177
1503,1503,0.15473879466813328
1504,1504,0.8574458555608314
1505,1505,0.32589731713540665
1506,1506,0.7398792610845747
1507,1507,0.22132597447843114
1508,1508,0.6842575598492366
1509,1509,0.464344796931636
1510,1510,0.04425485588532017
1511,1511,0.039978514439565405
1512,1512,0.10374256279525351
1513,1513,0.1470347311829616
1514,1514,0.03249288943294204
1515,1515,0.365128391761326
1516,1516,0.05066349987773313
1517,1517,0.606101050448128
1518,1518,0.3932033928633666
1519,1519,0.07879203379599883
1520,1520,0.04078849225672843
1521,1521,0.04510280948345807
1522,1522,0.03631922968525985
1523,1523,0.14748659328046315
1524,1524,0.0085574201120555
1525,1525,0.5166573228705088
1526,1526,0.045578462857613834
1527,1527,0.7417251663419955
1528,1528,0.2041983881623799
1529,1529,0.5980348774576751
1530,1530,0.14616021267273518
1531,1531,0.14210261184123232
1532,1532,0.00766210807947581
1533,1533,0.1285757588572175
1534,1534,0.03689703854816264
1535,1535,0.0686985796211276
1536,1536,0.0731495144020272
1537,1537,0.40185439312866955
1538,1538,0.002529798570544066
1539,1539,0.407691760645356
1540,1540,0.09451772717299607
1541,1541,0.6050879023318971
1542,1542,0.3736712762454126
1543,1543,0.0033039807689392367
1544,1544,0.038197818003749634
1545,1545,0.6615567032567834
1546,1546,0.15333523514685227
1547,1547,0.294106238149031
1548,1548,0.5068329483261321
1549,1549,0.07924777893614583
1550,1550,0.6883285828439571
1551,1551,0.7216537223283293
1552,1552,0.42309077884741686
1553,1553,0.005305721465564789
1554,1554,0.009954661979582556
1555,1555,0.047551260153344835
1556,1556,0.19066585368146108
1557,1557,0.6179581335505859
1558,1558,0.055440584129398514
1559,1559,0.00929754074739838
1560,1560,0.3386780943728976
1561,1561,0.034722310702420794
1562,1562,0.0802442036847893
1563,1563,0.5534500089772145
1564,1564,0.06175004406005893
1565,1565,0.06729067564991717
1566,1566,0.01046528660058434
1567,1567,0.04637136205024696
1568,1568,0.6591477008079338
1569,1569,0.009357286554108567
1570,1570,0.3200891247202893
1571,1571,0.09115880055600374
1572,1572,0.17496645934839533
1573,1573,0.015590243736370215
1574,1574,0.535059886905058
1575,1575,0.7224039894913162
1576,1576,0.034054945154439444
1577,1577,0.038618242945334974
1578,1578,0.25137373831105914
1579,1579,0.2878553530469882
1580,1580,0.5625713522633725
1581,1581,0.02755162923720921
1582,1582,0.18163679419860776
1583,1583,0.012390478936141635
1584,1584,0.504836090846889
1585,1585,0.3506516492086951
1586,1586,0.049161459969835834
1587,1587,0.06093636689543781
1588,1588,0.0031384200971509898
1589,1589,0.48888174175468174
1590,1590,0.37600837193132847
1591,1591,0.4382890545632998
1592,1592,0.71175450772669
1593,1593,0.22530896589777444
1594,1594,0.0017585386300289307
1595,1595,0.29414766971735434
1596,1596,0.12296308867712315
1597,1597,0.15222852591374397
1598,1598,0.09717714410629201
1599,1599,0.4403098794162587
1600,1600,0.7057714360806793
1601,1601,0.2742771953711219
1602,1602,0.7345462006388773
1603,1603,0.6121602465576064
1604,1604,0.05626548003819345
1605,1605,0.2693394762973684
1606,1606,0.111373524313722
1607,1607,0.2655953869839934
1608,1608,0.017264525035651304
1609,1609,0.60920513212213
1610,1610,0.04962785112827488
1611,1611,0.2695281365223974
1612,1612,0.7683856840313791
1613,1613,0.19275446900525223
1614,1614,0.21633233080021402
1615,1615,0.16889733576046612
1616,1616,0.402760251527757
1617,1617,0.26051848214369416
1618,1618,0.39403960998560766
1619,1619,0.31655382611584043
1620,1620,0.02666947029894238
1621,1621,0.39168720001136353
1622,1622,0.042024207376793306
1623,1623,0.3122903551891855
1624,1624,0.007335344289666099
1625,1625,0.023284106383682588
1626,1626,0.0023227842358599315
1627,1627,0.1289195262174504
1628,1628,0.4959237004120281
1629,1629,0.2552747715902329
1630,1630,0.058262813549505806
1631,1631,0.029792536856600316
1632,1632,0.3057451873647845
1633,1633,0.14235193251137987
1634,1634,0.17124048686189436
1635,1635,0.00862180066893746
1636,1636,0.016924449151408238
1637,1637,0.8105783755444307
1638,1638,0.5970346319707297
1639,1639,0.5628339096775506
1640,1640,0.38416793535896454
1641,1641,0.1386130252681125
1642,1642,0.05069925863216162
1643,1643,0.18029535954967957
1644,1644,0.24645056675246127
1645,1645,0.21290735669069283
1646,1646,0.028607347953012324
1647,1647,0.38966569553433567
1648,1648,0.217037016418972
1649,1649,0.4887135210506841
1650,1650,0.07097807964269179
1651,1651,0.13390110634975882
1652,1652,0.1589870227712862
1653,1653,0.6804788188199422
1654,1654,0.0033053529682557426
1655,1655,0.4173854254320089
1656,1656,0.08885928412997901
1657,1657,0.021742785059343774
1658,1658,0.02038514703184008
1659,1659,0.47137854857426065
1660,1660,0.17579360955476697
1661,1661,0.022371677727067652
1662,1662,0.00705843348901666
1663,1663,0.35546986303545347
1664,1664,0.1738612393797898
1665,1665,0.6970526409018927
1666,1666,0.2685197996672577
1667,1667,0.2054352799142444
1668,1668,0.038853540079308795
1669,1669,0.07871786850118749
1670,1670,0.7077778736181375
1671,1671,0.25177423328990123
1672,1672,0.12851767665883004
1673,1673,0.10073838819876511
1674,1674,0.09657003534097645
1675,1675,0.3503284060225599
1676,1676,0.3599601190946299
1677,1677,0.013369968455320258
1678,1678,0.489988072610217
1679,1679,0.23869123298865694
1680,1680,0.10650624347600153
1681,1681,0.020708535208277444
1682,1682,0.6609189603225416
1683,1683,0.41909658951319173
1684,1684,0.6367970657009656
1685,1685,0.04098657055173255
1686,1686,0.7713350450285148
1687,1687,0.17146728340654305
1688,1688,0.4559802931439676
1689,1689,0.06675781342540515
1690,1690,0.006233147306841885
1691,1691,0.38891079422204805
1692,1692,0.10136714439772702
1693,1693,0.392667447263924
1694,1694,0.019033391165156524
1695,1695,0.16053218584315992
1696,1696,0.5417144762802624
1697,1697,0.2741483437600162
1698,1698,0.17116949841697313
1699,1699,0.1510491223670008
1700,1700,0.08772987005823545
1701,1701,0.16722777630770555
1702,1702,0.010626033594015472
1703,1703,0.011803847398746462
1704,1704,0.7407836967515852
1705,1705,0.07940910660737277
1706,1706,0.36539109219001287
1707,1707,0.16353909683727724
1708,1708,0.6478963646460885
1709,1709,0.5890792780892323
1710,1710,0.005406200234895485
1711,1711,0.24776181223366764
1712,1712,0.05657383140995267
1713,1713,0.46096552172937594
1714,1714,0.09370686122154032
1715,1715,0.013286096382234125
1716,1716,0.23748507657819826
1717,1717,0.0036091689809854112
1718,1718,0.03159601519727288
1719,1719,0.396587917842778
1720,1720,0.0028024119161203067
1721,1721,0.5221406261494487
1722,1722,0.3927045785036819
1723,1723,0.020165702514551187
1724,1724,0.5636886630807127
1725,1725,0.46174902817478614
1726,1726,0.5526446685681828
1727,1727,0.03812761945310362
1728,1728,0.010248637903642109
1729,1729,0.7323770171090939
1730,1730,0.7231905579414196
1731,1731,0.48885741543218186
1732,1732,0.4861608749883855
1733,1733,0.022129308926112545
1734,1734,0.30234905710863874
1735,1735,0.5100862004723253
1736,1736,0.03894879319852169
1737,1737,0.6860894570630924
1738,1738,0.016590530943540124
1739,1739,0.018703462882169137
1740,1740,0.6543197506083414
1741,1741,0.12311835350285628
1742,1742,0.0028557924564204203
1743,1743,0.2095431473633802
1744,1744,0.037815655175508986
1745,1745,0.038111358598198856
1746,1746,0.15165713759872496
1747,1747,0.019850877139028205
1748,1748,0.046263120907931804
1749,1749,0.004298359727880796
1750,1750,0.40615269821903405
1751,1751,0.5295227545322893
1752,1752,0.17676706765474348
1753,1753,0.7121340278567719
1754,1754,0.0958834668080488
1755,1755,0.07682247427727187
1756,1756,0.12574872287798827
1757,1757,0.03785824767729701
1758,1758,0.7793462369359019
1759,1759,0.6596308668819757
1760,1760,0.012333261866389247
